<?xml version="1.0" encoding="UTF-8"?>
<project-private xmlns="http://www.netbeans.org/ns/project-private/1">
    <editor-bookmarks xmlns="http://www.netbeans.org/ns/editor-bookmarks/2" lastBookmarkId="0"/>
    <open-files xmlns="http://www.netbeans.org/ns/projectui-open-files/2">
        <group>
            <file>file:/Users/jaysonfong/Documents/NetBeansProjects/Prison/src/me/jaysonfong/prison/core/utils/events/EventHandler.java</file>
            <file>file:/Users/jaysonfong/Documents/NetBeansProjects/Prison/src/me/jaysonfong/prison/core/utils/NodeSet.java</file>
            <file>file:/Users/jaysonfong/Documents/NetBeansProjects/Prison/src/me/jaysonfong/prison/scenes/templates/entity/BaseContainer.java</file>
            <file>file:/Users/jaysonfong/Documents/NetBeansProjects/Prison/src/me/jaysonfong/prison/scenes/ManagerScene.java</file>
            <file>file:/Users/jaysonfong/Documents/NetBeansProjects/Prison/src/me/jaysonfong/prison/core/utils/PrisonerManager.java</file>
            <file>file:/Users/jaysonfong/Documents/NetBeansProjects/Prison/src/me/jaysonfong/prison/scenes/Welcome.java</file>
            <file>file:/Users/jaysonfong/Documents/NetBeansProjects/Prison/src/me/jaysonfong/prison/scenes/Booking.java</file>
            <file>file:/Users/jaysonfong/Documents/NetBeansProjects/Prison/src/me/jaysonfong/prison/entities/Inmate.java</file>
            <file>file:/Users/jaysonfong/Documents/NetBeansProjects/Prison/src/me/jaysonfong/prison/core/utils/entities/IProperty.java</file>
            <file>file:/Users/jaysonfong/Documents/NetBeansProjects/Prison/src/me/jaysonfong/prison/scenes/templates/entity/IContainer.java</file>
            <file>file:/Users/jaysonfong/Documents/NetBeansProjects/Prison/src/me/jaysonfong/prison/core/utils/StageManager.java</file>
            <file>file:/Users/jaysonfong/Documents/NetBeansProjects/Prison/src/me/jaysonfong/prison/core/utils/entities/TitleProperty.java</file>
            <file>file:/Users/jaysonfong/Documents/NetBeansProjects/Prison/src/me/jaysonfong/prison/scenes/PrisonerView.java</file>
            <file>file:/Users/jaysonfong/Documents/NetBeansProjects/Prison/src/me/jaysonfong/prison/core/PrisonManager.java</file>
            <file>file:/Users/jaysonfong/Documents/NetBeansProjects/Prison/src/me/jaysonfong/prison/entities/Status.java</file>
            <file>file:/Users/jaysonfong/Documents/NetBeansProjects/Prison/src/me/jaysonfong/prison/core/utils/events/ChangeEvent.java</file>
            <file>file:/Users/jaysonfong/Documents/NetBeansProjects/Prison/src/me/jaysonfong/prison/core/utils/BlockManager.java</file>
            <file>file:/Users/jaysonfong/Documents/NetBeansProjects/Prison/src/me/jaysonfong/prison/scenes/templates/Template.java</file>
            <file>file:/Users/jaysonfong/Documents/NetBeansProjects/Prison/src/me/jaysonfong/prison/scenes/MainMenu.java</file>
            <file>file:/Users/jaysonfong/Documents/NetBeansProjects/Prison/src/me/jaysonfong/prison/scenes/IManager.java</file>
            <file>file:/Users/jaysonfong/Documents/NetBeansProjects/Prison/src/me/jaysonfong/prison/core/utils/IdUtils.java</file>
            <file>file:/Users/jaysonfong/Documents/NetBeansProjects/Prison/src/me/jaysonfong/prison/entities/CellBlock.java</file>
            <file>file:/Users/jaysonfong/Documents/NetBeansProjects/Prison/src/me/jaysonfong/prison/core/utils/SystemScene.java</file>
            <file>file:/Users/jaysonfong/Documents/NetBeansProjects/Prison/src/me/jaysonfong/prison/core/utils/SceneManager.java</file>
            <file>file:/Users/jaysonfong/Documents/NetBeansProjects/Prison/src/me/jaysonfong/prison/scenes/Lookup.java</file>
            <file>file:/Users/jaysonfong/Documents/NetBeansProjects/Prison/src/me/jaysonfong/prison/scenes/templates/BaseTemplate.java</file>
        </group>
    </open-files>
</project-private>
